,ID,Season,Position,FullName,TOI,OT,SO,T,W,L,Saves,PPSaves,SHSaves,EVSaves,SHShots,EVShots,PPShots,SvPct,GAA,G,GS,ShotsAgainst,GoalsAgainst,TOIperGame,PPSvPct,SHSvPct,EVSvPct
0,8468685,20172018,G,Henrik Lundqvist,3502:32,7.0,2.0,0.0,26.0,26.0,1862.0,240.0,46.0,1576.0,48.0,1717.0,271.0,0.914538,2.9807,63.0,61.0,2036.0,174.0,55:35,88.56088560885608,95.83333333333334,91.78800232964471
1,8470594,20172018,G,Marc-Andre Fleury,2673:24,4.0,4.0,0.0,29.0,13.0,1276.0,159.0,25.0,1092.0,27.0,1173.0,176.0,0.927326,2.244333,46.0,46.0,1376.0,100.0,58:07,90.3409090909091,92.5925925925926,93.09462915601023
2,8468011,20172018,G,Ryan Miller,1353:16,6.0,4.0,0.0,12.0,6.0,686.0,109.0,17.0,560.0,18.0,595.0,126.0,0.9282809999999999,2.349869,28.0,21.0,739.0,53.0,48:19,86.50793650793649,94.44444444444444,94.11764705882351
3,8470140,20172018,G,Kari Lehtonen,1944:18,3.0,1.0,0.0,15.0,14.0,863.0,139.0,26.0,698.0,31.0,751.0,164.0,0.9122620000000001,2.5613330000000003,37.0,30.0,946.0,83.0,52:32,84.75609756097559,83.87096774193549,92.9427430093209
4,8470320,20172018,G,Cam Ward,2459:20,4.0,2.0,0.0,23.0,14.0,1075.0,121.0,22.0,932.0,26.0,1021.0,140.0,0.905644,2.7324479999999998,43.0,42.0,1187.0,112.0,57:11,86.42857142857143,84.61538461538461,91.28305582761999
5,8466141,20172018,G,Roberto Luongo,1965:58,2.0,3.0,0.0,18.0,11.0,1062.0,141.0,35.0,886.0,36.0,950.0,157.0,0.929134,2.472066,35.0,33.0,1143.0,81.0,56:10,89.80891719745225,97.2222222222222,93.26315789473685
6,8467950,20172018,G,Craig Anderson,3250:32,6.0,2.0,0.0,23.0,25.0,1588.0,211.0,49.0,1328.0,53.0,1473.0,242.0,0.8981899999999999,3.322532,58.0,55.0,1768.0,180.0,56:02,87.19008264462809,92.45283018867924,90.15614392396469
7,8470645,20172018,G,Corey Crawford,1583:30,2.0,2.0,0.0,16.0,9.0,782.0,119.0,27.0,636.0,30.0,681.0,131.0,0.928741,2.273445,28.0,27.0,842.0,60.0,56:33,90.83969465648858,90.0,93.39207048458151
8,8470657,20172018,G,Jimmy Howard,3367:37,9.0,1.0,0.0,22.0,27.0,1610.0,239.0,37.0,1334.0,39.0,1456.0,275.0,0.9096049999999999,2.8506810000000002,60.0,57.0,1770.0,160.0,56:07,86.9090909090909,94.87179487179485,91.62087912087911
9,8471469,20172018,G,Pekka Rinne,3475:27,4.0,8.0,0.0,42.0,13.0,1706.0,262.0,55.0,1389.0,58.0,1480.0,302.0,0.9271739999999999,2.313369,59.0,59.0,1840.0,134.0,58:54,86.7549668874172,94.82758620689656,93.85135135135135
10,8469514,20172018,G,Peter Budaj,430:24,1.0,0.0,0.0,3.0,3.0,190.0,31.0,6.0,153.0,7.0,168.0,42.0,0.875576,3.7639410000000004,8.0,7.0,217.0,27.0,53:48,73.80952380952381,85.71428571428571,91.07142857142857
11,8470860,20172018,G,Jaroslav Halak,3024:03,6.0,1.0,0.0,20.0,26.0,1583.0,233.0,47.0,1303.0,54.0,1420.0,270.0,0.907683,3.1943919999999997,54.0,49.0,1744.0,161.0,56:00,86.29629629629629,87.03703703703705,91.7605633802817
12,8469608,20172018,G,Mike Smith,3190:36,6.0,3.0,0.0,25.0,22.0,1545.0,241.0,47.0,1257.0,52.0,1363.0,271.0,0.91637,2.651539,55.0,55.0,1686.0,141.0,58:00,88.92988929889297,90.3846153846154,92.22303741746148
13,8471695,20172018,G,Tuukka Rask,3173:05,5.0,3.0,0.0,34.0,14.0,1388.0,204.0,45.0,1139.0,52.0,1233.0,228.0,0.917383,2.363632,54.0,53.0,1513.0,125.0,58:45,89.47368421052632,86.53846153846155,92.37631792376317
14,8471679,20172018,G,Carey Price,2854:37,7.0,1.0,0.0,16.0,26.0,1339.0,185.0,40.0,1114.0,43.0,1226.0,218.0,0.9004709999999999,3.11075,49.0,48.0,1487.0,148.0,58:15,84.86238532110092,93.02325581395347,90.86460032626428
15,8470880,20172018,G,Brian Elliott,2522:00,7.0,1.0,0.0,23.0,11.0,1116.0,125.0,38.0,953.0,44.0,1030.0,154.0,0.908795,2.664552,43.0,42.0,1228.0,112.0,58:39,81.16883116883116,86.36363636363636,92.5242718446602
16,8471715,20172018,G,Ondrej Pavelec,903:42,1.0,1.0,0.0,4.0,9.0,464.0,62.0,8.0,394.0,11.0,428.0,71.0,0.9098040000000001,3.0541110000000002,19.0,12.0,510.0,46.0,47:33,87.32394366197181,72.72727272727273,92.05607476635514
17,8470147,20172018,G,Curtis McElhinney,979:07,1.0,3.0,0.0,11.0,5.0,493.0,78.0,9.0,406.0,10.0,428.0,90.0,0.9337120000000001,2.14479,18.0,15.0,528.0,35.0,54:23,86.66666666666669,90.0,94.85981308411215
18,8471734,20172018,G,Jonathan Quick,3677:05,3.0,5.0,0.0,33.0,28.0,1720.0,257.0,56.0,1407.0,59.0,1521.0,287.0,0.921264,2.3986400000000003,64.0,63.0,1867.0,147.0,57:27,89.54703832752612,94.91525423728814,92.50493096646942
19,8473541,20172018,G,Jonathan Bernier,2001:23,3.0,2.0,0.0,19.0,13.0,997.0,178.0,21.0,798.0,27.0,865.0,200.0,0.913004,2.84803,37.0,34.0,1092.0,95.0,54:05,89.0,77.7777777777778,92.25433526011558
20,8471306,20172018,G,Thomas Greiss,1491:45,2.0,1.0,0.0,13.0,8.0,784.0,99.0,22.0,663.0,25.0,735.0,119.0,0.8919229999999999,3.821016,27.0,25.0,879.0,95.0,55:15,83.19327731092437,88.0,90.20408163265309
21,8473575,20172018,G,Semyon Varlamov,2861:03,6.0,2.0,0.0,24.0,16.0,1467.0,225.0,43.0,1199.0,48.0,1299.0,248.0,0.9197489999999999,2.684329,51.0,47.0,1595.0,128.0,56:05,90.72580645161291,89.58333333333334,92.30177059276366
22,8473607,20172018,G,Michal Neuvirth,1038:43,3.0,1.0,0.0,9.0,7.0,485.0,51.0,12.0,422.0,15.0,452.0,63.0,0.9150940000000001,2.599361,22.0,18.0,530.0,45.0,47:12,80.95238095238095,80.0,93.36283185840708
23,8474550,20172018,G,Antti Niemi,1213:06,4.0,1.0,0.0,7.0,9.0,647.0,117.0,17.0,513.0,17.0,553.0,140.0,0.9112680000000001,3.115984,24.0,20.0,710.0,63.0,50:32,83.57142857142857,100.0,92.76672694394213
24,8471750,20172018,G,Ben Bishop,2886:50,5.0,5.0,0.0,26.0,17.0,1317.0,217.0,47.0,1053.0,50.0,1142.0,245.0,0.916493,2.494082,53.0,51.0,1437.0,120.0,54:28,88.57142857142857,94.0,92.20665499124344
25,8471239,20172018,G,Cory Schneider,2332:15,6.0,1.0,0.0,17.0,16.0,1114.0,169.0,34.0,911.0,36.0,996.0,196.0,0.907166,2.9327900000000002,40.0,40.0,1228.0,114.0,58:18,86.22448979591837,94.44444444444444,91.46586345381527
26,8471219,20172018,G,Al Montoya,691:44,2.0,0.0,0.0,4.0,3.0,309.0,30.0,8.0,271.0,9.0,296.0,41.0,0.893064,3.209329,13.0,8.0,346.0,37.0,53:12,73.17073170731706,88.8888888888889,91.55405405405406
27,8473461,20172018,G,Steve Mason,684:53,1.0,1.0,0.0,5.0,6.0,355.0,67.0,11.0,277.0,11.0,304.0,77.0,0.9056120000000001,3.241428,13.0,12.0,392.0,37.0,52:41,87.01298701298703,100.0,91.11842105263158
28,8473434,20172018,G,Chad Johnson,1773:32,3.0,0.0,0.0,10.0,16.0,857.0,122.0,18.0,717.0,21.0,796.0,145.0,0.8908520000000001,3.552231,36.0,29.0,962.0,105.0,49:15,84.13793103448276,85.71428571428571,90.07537688442213
29,8471227,20172018,G,Devan Dubnyk,3450:19,7.0,5.0,0.0,35.0,16.0,1624.0,209.0,34.0,1381.0,37.0,1491.0,241.0,0.918033,2.5215080000000003,60.0,59.0,1769.0,145.0,57:30,86.72199170124482,91.8918918918919,92.6224010731053
30,8471418,20172018,G,Anton Khudobin,1780:43,7.0,1.0,0.0,16.0,6.0,800.0,128.0,40.0,632.0,43.0,689.0,144.0,0.913242,2.560767,31.0,29.0,876.0,76.0,57:26,88.8888888888889,93.02325581395347,91.72714078374456
31,8475683,20172018,G,Sergei Bobrovsky,3911:34,6.0,5.0,0.0,37.0,22.0,1835.0,207.0,41.0,1587.0,46.0,1698.0,249.0,0.920723,2.423581,65.0,65.0,1993.0,158.0,60:10,83.13253012048195,89.13043478260867,93.46289752650176
32,8475215,20172018,G,Robin Lehner,2852:01,9.0,3.0,0.0,14.0,26.0,1417.0,201.0,46.0,1170.0,53.0,1279.0,228.0,0.908333,3.008398,53.0,50.0,1560.0,143.0,53:48,88.1578947368421,86.7924528301887,91.47771696638
33,8473503,20172018,G,James Reimer,2411:25,6.0,4.0,0.0,22.0,14.0,1253.0,213.0,25.0,1015.0,27.0,1110.0,236.0,0.9126,2.9857970000000003,44.0,42.0,1373.0,120.0,54:48,90.25423728813558,92.5925925925926,91.44144144144144
34,8474593,20172018,G,Jacob Markstrom,3413:43,7.0,2.0,0.0,23.0,26.0,1591.0,193.0,53.0,1345.0,58.0,1457.0,230.0,0.911748,2.706727,60.0,57.0,1745.0,154.0,56:53,83.91304347826087,91.3793103448276,92.31297185998629
35,8474651,20172018,G,Braden Holtby,3067:48,4.0,0.0,0.0,34.0,16.0,1495.0,230.0,35.0,1230.0,40.0,1345.0,263.0,0.9071600000000001,2.992372,54.0,54.0,1648.0,153.0,56:48,87.45247148288973,87.5,91.44981412639405
36,8471774,20172018,G,Alex Stalock,1495:16,4.0,1.0,0.0,10.0,10.0,716.0,145.0,23.0,548.0,25.0,599.0,163.0,0.909784,2.84899,28.0,23.0,787.0,71.0,53:24,88.95705521472394,92.0,91.48580968280469
37,8475195,20172018,G,Anders Nilsson,1463:41,4.0,2.0,0.0,7.0,14.0,766.0,107.0,27.0,632.0,30.0,692.0,128.0,0.901176,3.443368,27.0,24.0,850.0,84.0,54:12,83.59375,90.0,91.32947976878613
38,8474596,20172018,G,Jake Allen,3316:58,3.0,1.0,0.0,27.0,25.0,1462.0,181.0,34.0,1247.0,40.0,1357.0,217.0,0.905824,2.7495,59.0,56.0,1614.0,152.0,56:13,83.41013824884793,85.0,91.89388356669123
39,8476234,20172018,G,Keith Kinkaid,2297:34,3.0,1.0,0.0,26.0,10.0,1108.0,138.0,32.0,938.0,33.0,1026.0,155.0,0.9126850000000001,2.7681459999999998,41.0,38.0,1214.0,106.0,56:02,89.03225806451613,96.96969696969695,91.42300194931774
40,8475831,20172018,G,Philipp Grubauer,1864:48,3.0,3.0,0.0,15.0,10.0,880.0,135.0,21.0,724.0,22.0,776.0,155.0,0.9234,2.348777,35.0,28.0,953.0,73.0,53:16,87.09677419354837,95.45454545454544,93.29896907216495
41,8475622,20172018,G,Carter Hutton,1609:32,3.0,3.0,0.0,17.0,7.0,754.0,101.0,26.0,627.0,29.0,670.0,111.0,0.9308639999999999,2.0875619999999997,32.0,26.0,810.0,56.0,50:17,90.990990990991,89.65517241379311,93.58208955223878
42,8475852,20172018,G,Petr Mrazek,2096:42,6.0,4.0,0.0,14.0,13.0,974.0,117.0,23.0,834.0,26.0,912.0,142.0,0.9018520000000001,3.033338,39.0,33.0,1080.0,106.0,53:45,82.39436619718309,88.46153846153845,91.44736842105264
43,8475311,20172018,G,Darcy Kuemper,1595:53,5.0,4.0,0.0,12.0,7.0,766.0,108.0,27.0,631.0,30.0,681.0,122.0,0.919568,2.518981,29.0,25.0,833.0,67.0,55:01,88.52459016393442,90.0,92.65785609397943
44,8475660,20172018,G,Cam Talbot,3730:06,3.0,1.0,0.0,31.0,31.0,1848.0,223.0,46.0,1579.0,48.0,1725.0,263.0,0.9076620000000001,3.024048,67.0,67.0,2036.0,188.0,55:40,84.79087452471484,95.83333333333334,91.53623188405795
45,8477202,20172018,G,Andrew Hammond,58:22,0.0,0.0,0.0,0.0,1.0,31.0,5.0,1.0,25.0,1.0,27.0,5.0,0.9393940000000001,2.055968,1.0,1.0,33.0,2.0,58:22,100.0,100.0,92.5925925925926
46,8477293,20172018,G,Antti Raanta,2599:07,6.0,3.0,0.0,21.0,17.0,1291.0,178.0,31.0,1082.0,34.0,1155.0,199.0,0.9301149999999999,2.2392220000000003,47.0,46.0,1388.0,97.0,55:18,89.44723618090453,91.17647058823529,93.67965367965368
47,8475663,20172018,G,Eddie Lack,343:37,0.0,0.0,0.0,2.0,4.0,154.0,29.0,7.0,118.0,10.0,130.0,37.0,0.8700559999999999,4.016103,8.0,5.0,177.0,23.0,42:57,78.37837837837837,70.0,90.76923076923076
48,8475883,20172018,G,Frederik Andersen,3888:31,5.0,5.0,0.0,38.0,21.0,2029.0,241.0,55.0,1733.0,59.0,1881.0,271.0,0.917684,2.8082689999999997,66.0,66.0,2211.0,182.0,58:55,88.92988929889297,93.22033898305084,92.13184476342371
49,8476434,20172018,G,John Gibson,3428:29,7.0,4.0,0.0,31.0,18.0,1733.0,274.0,45.0,1414.0,48.0,1525.0,299.0,0.9257479999999999,2.432563,60.0,60.0,1872.0,139.0,57:08,91.63879598662209,93.75,92.72131147540985
50,8475789,20172018,G,Jack Campbell,266:37,2.0,0.0,0.0,2.0,0.0,134.0,23.0,12.0,99.0,12.0,110.0,23.0,0.9241379999999999,2.475464,5.0,4.0,145.0,11.0,53:19,100.0,100.0,90.0
51,8474889,20172018,G,Martin Jones,3415:44,6.0,4.0,0.0,30.0,22.0,1554.0,202.0,56.0,1296.0,58.0,1418.0,223.0,0.9146559999999999,2.547037,60.0,60.0,1699.0,145.0,56:55,90.58295964125558,96.55172413793105,91.3963328631876
52,8474636,20172018,G,Michael Hutchinson,128:45,0.0,0.0,0.0,2.0,1.0,68.0,18.0,0.0,50.0,2.0,55.0,18.0,0.906667,3.262136,3.0,3.0,75.0,7.0,42:55,100.0,0.0,90.9090909090909
53,8476876,20172018,G,Malcolm Subban,1230:11,2.0,0.0,0.0,13.0,4.0,559.0,78.0,17.0,464.0,18.0,507.0,89.0,0.910423,2.682527,22.0,19.0,614.0,55.0,55:55,87.64044943820225,94.44444444444444,91.51873767258381
54,8476883,20172018,G,Andrei Vasilevskiy,3825:11,3.0,8.0,0.0,44.0,17.0,1908.0,281.0,41.0,1586.0,43.0,1707.0,325.0,0.9195180000000001,2.619482,65.0,64.0,2075.0,167.0,58:50,86.46153846153845,95.34883720930232,92.91154071470415
55,8474152,20172018,G,Scott Darling,2475:07,7.0,0.0,0.0,13.0,21.0,1040.0,96.0,31.0,913.0,33.0,1018.0,120.0,0.88813,3.175608,43.0,40.0,1171.0,131.0,57:33,80.0,93.93939393939394,89.68565815324165
56,8476316,20172018,G,Laurent Brossoit,740:14,1.0,0.0,0.0,3.0,7.0,303.0,40.0,13.0,250.0,15.0,276.0,52.0,0.883382,3.242221,14.0,10.0,343.0,40.0,52:52,76.92307692307693,86.66666666666669,90.57971014492752
57,8476341,20172018,G,Anton Forsberg,1714:47,4.0,0.0,0.0,10.0,16.0,836.0,96.0,35.0,705.0,35.0,775.0,111.0,0.907709,2.974137,35.0,30.0,921.0,85.0,48:59,86.4864864864865,100.0,90.96774193548387
58,8475839,20172018,G,Louis Domingue,1073:46,1.0,0.0,0.0,7.0,9.0,517.0,77.0,12.0,428.0,14.0,470.0,94.0,0.8944639999999999,3.4085620000000003,19.0,16.0,578.0,61.0,56:30,81.91489361702128,85.71428571428571,91.06382978723404
59,8475809,20172018,G,Scott Wedgewood,1096:30,4.0,1.0,0.0,5.0,9.0,524.0,42.0,13.0,469.0,16.0,520.0,51.0,0.892675,3.447332,20.0,17.0,587.0,63.0,54:49,82.35294117647058,81.25,90.19230769230771
60,8475234,20172018,G,J-F Berube,667:23,1.0,0.0,0.0,3.0,6.0,356.0,55.0,6.0,295.0,7.0,326.0,65.0,0.8944719999999999,3.7759410000000004,13.0,10.0,398.0,42.0,51:20,84.61538461538461,85.71428571428571,90.49079754601229
61,8476444,20172018,G,Christopher Gibson,426:52,2.0,0.0,0.0,2.0,3.0,258.0,43.0,2.0,213.0,3.0,233.0,48.0,0.908451,3.6545370000000004,8.0,8.0,284.0,26.0,53:21,89.58333333333334,66.66666666666666,91.41630901287554
62,8476899,20172018,G,Matt Murray,2732:58,3.0,1.0,0.0,27.0,16.0,1290.0,192.0,38.0,1060.0,39.0,1163.0,221.0,0.9065350000000001,2.9199040000000003,49.0,45.0,1423.0,133.0,55:46,86.87782805429865,97.43589743589745,91.14359415305245
63,8476999,20172018,G,Linus Ullmark,240:18,0.0,0.0,0.0,1.0,2.0,115.0,6.0,1.0,108.0,1.0,114.0,8.0,0.934959,1.9975029999999998,5.0,3.0,123.0,8.0,48:03,75.0,100.0,94.73684210526315
64,8477237,20172018,G,Mike Condon,1626:25,5.0,0.0,0.0,5.0,17.0,810.0,90.0,21.0,699.0,23.0,761.0,114.0,0.9020040000000001,3.2464009999999996,31.0,26.0,898.0,88.0,52:27,78.94736842105263,91.30434782608695,91.85282522996056
65,8479292,20172018,G,Charlie Lindgren,832:58,2.0,2.0,0.0,4.0,8.0,415.0,61.0,7.0,347.0,9.0,375.0,73.0,0.9080959999999999,3.025331,14.0,14.0,457.0,42.0,59:29,83.56164383561644,77.7777777777778,92.53333333333332
66,8477424,20172018,G,Juuse Saros,1496:40,7.0,3.0,0.0,11.0,5.0,749.0,130.0,8.0,611.0,9.0,657.0,144.0,0.924691,2.445434,26.0,23.0,810.0,61.0,57:33,90.2777777777778,88.8888888888889,92.99847792998476
67,8476914,20172018,G,Joonas Korpisalo,1048:49,1.0,0.0,0.0,8.0,8.0,506.0,67.0,18.0,421.0,20.0,469.0,75.0,0.8971629999999999,3.318025,18.0,17.0,564.0,58.0,58:16,89.33333333333331,90.0,89.76545842217483
68,8476945,20172018,G,Connor Hellebuyck,3965:54,9.0,6.0,0.0,44.0,11.0,1892.0,347.0,60.0,1485.0,64.0,1599.0,385.0,0.9238280000000001,2.36012,67.0,64.0,2048.0,156.0,59:11,90.12987012987013,93.75,92.87054409005628
69,8477465,20172018,G,Tristan Jarry,1363:56,2.0,2.0,0.0,14.0,6.0,624.0,93.0,21.0,510.0,22.0,561.0,104.0,0.9082969999999999,2.7713959999999997,26.0,23.0,687.0,63.0,52:27,89.42307692307693,95.45454545454544,90.9090909090909
70,8477225,20172018,G,Jared Coreau,380:26,1.0,0.0,0.0,0.0,5.0,176.0,20.0,1.0,155.0,2.0,175.0,26.0,0.8669950000000001,4.258302,7.0,7.0,203.0,27.0,54:20,76.92307692307693,50.0,88.57142857142857
71,8476903,20172018,G,Jon Gillies,604:56,1.0,0.0,0.0,3.0,5.0,251.0,42.0,14.0,195.0,14.0,220.0,46.0,0.8964290000000001,2.87635,11.0,9.0,280.0,29.0,54:59,91.30434782608695,100.0,88.63636363636364
72,8479496,20172018,G,David Rittich,1008:14,3.0,0.0,0.0,8.0,6.0,463.0,74.0,12.0,377.0,13.0,415.0,84.0,0.9042969999999999,2.9159919999999997,21.0,16.0,512.0,49.0,48:00,88.09523809523809,92.30769230769229,90.8433734939759
73,8477180,20172018,G,Aaron Dell,1522:05,4.0,2.0,0.0,15.0,5.0,708.0,96.0,26.0,586.0,27.0,640.0,108.0,0.9135479999999999,2.641117,29.0,22.0,775.0,67.0,52:29,88.8888888888889,96.29629629629628,91.5625
74,8477480,20172018,G,Eric Comrie,180:26,0.0,0.0,0.0,1.0,2.0,82.0,6.0,2.0,74.0,2.0,85.0,7.0,0.87234,3.990393,3.0,3.0,94.0,12.0,60:08,85.71428571428571,100.0,87.05882352941177
75,8478965,20172018,G,Ken Appleby,124:20,0.0,0.0,0.0,0.0,1.0,52.0,7.0,2.0,43.0,3.0,45.0,7.0,0.9454549999999999,1.4477209999999998,3.0,1.0,55.0,3.0,41:26,100.0,66.66666666666666,95.55555555555556
76,8480382,20172018,G,Alexandar Georgiev,514:46,1.0,0.0,0.0,4.0,4.0,304.0,37.0,4.0,263.0,4.0,285.0,42.0,0.918429,3.1470569999999998,10.0,9.0,331.0,27.0,51:28,88.09523809523809,100.0,92.28070175438594
77,8479312,20172018,G,Alex Lyon,479:48,1.0,0.0,0.0,4.0,2.0,210.0,19.0,6.0,185.0,6.0,204.0,22.0,0.905172,2.751146,11.0,7.0,232.0,22.0,43:37,86.36363636363636,100.0,90.68627450980392
78,8479193,20172018,G,Casey DeSmith,700:09,1.0,1.0,0.0,6.0,4.0,328.0,40.0,23.0,265.0,24.0,284.0,48.0,0.921348,2.399486,14.0,11.0,356.0,28.0,50:00,83.33333333333334,95.83333333333334,93.30985915492955
79,8474667,20172018,G,Harri Sateri,492:36,0.0,0.0,0.0,4.0,4.0,247.0,36.0,9.0,202.0,11.0,219.0,41.0,0.9114389999999999,2.923264,9.0,7.0,271.0,24.0,54:44,87.8048780487805,81.81818181818183,92.23744292237444
80,8471301,20172018,G,Jeff Glass,820:54,3.0,0.0,0.0,3.0,7.0,406.0,60.0,7.0,339.0,9.0,374.0,69.0,0.89823,3.362163,15.0,13.0,452.0,46.0,54:43,86.95652173913044,77.7777777777778,90.64171122994652
81,8480420,20172018,G,Collin Delia,105:59,0.0,0.0,0.0,1.0,1.0,56.0,1.0,1.0,54.0,1.0,58.0,4.0,0.8888889999999999,3.9628870000000003,2.0,2.0,63.0,7.0,52:59,25.0,100.0,93.10344827586206
82,8478499,20172018,G,Adin Hill,240:45,0.0,0.0,0.0,1.0,3.0,115.0,7.0,2.0,106.0,2.0,118.0,9.0,0.891473,3.489097,4.0,4.0,129.0,14.0,60:11,77.7777777777778,100.0,89.83050847457628
83,8476509,20172018,G,Maxime Lagace,873:31,1.0,0.0,0.0,6.0,7.0,373.0,67.0,9.0,297.0,10.0,339.0,81.0,0.867442,3.9152089999999995,16.0,14.0,430.0,57.0,54:35,82.71604938271605,90.0,87.61061946902655
84,8476861,20172018,G,Oscar Dansk,168:36,0.0,1.0,0.0,3.0,0.0,88.0,13.0,1.0,74.0,2.0,77.0,14.0,0.9462370000000001,1.779359,4.0,3.0,93.0,5.0,42:09,92.85714285714286,50.0,96.1038961038961
0,8468685,20182019,G,Henrik Lundqvist,3088:53,10.0,0.0,0.0,18.0,23.0,1541.0,217.0,40.0,1284.0,42.0,1397.0,260.0,0.907004,3.06907,52.0,52.0,1699.0,158.0,59:24,83.46153846153847,95.23809523809523,91.91123836793129
1,8470594,20182019,G,Marc-Andre Fleury,3635:08,5.0,8.0,0.0,35.0,21.0,1593.0,227.0,45.0,1321.0,47.0,1441.0,257.0,0.9128940000000001,2.508849,61.0,61.0,1745.0,152.0,59:35,88.32684824902724,95.74468085106385,91.67244968771686
2,8468011,20182019,G,Ryan Miller,1108:48,2.0,1.0,0.0,8.0,7.0,527.0,84.0,8.0,435.0,12.0,469.0,97.0,0.9117649999999999,2.7597400000000003,20.0,17.0,578.0,51.0,55:26,86.59793814432992,66.66666666666666,92.75053304904051
3,8470320,20182019,G,Cam Ward,1882:03,4.0,0.0,0.0,16.0,12.0,998.0,119.0,28.0,851.0,30.0,933.0,150.0,0.896676,3.6662150000000002,33.0,29.0,1113.0,115.0,57:01,79.33333333333333,93.33333333333331,91.2111468381565
4,8466141,20182019,G,Roberto Luongo,2346:38,5.0,1.0,0.0,18.0,16.0,1083.0,96.0,33.0,954.0,42.0,1053.0,110.0,0.898755,3.1193619999999997,43.0,40.0,1205.0,122.0,54:34,87.27272727272727,78.57142857142857,90.59829059829059
5,8467950,20182019,G,Craig Anderson,2785:11,4.0,2.0,0.0,17.0,27.0,1513.0,201.0,42.0,1270.0,45.0,1403.0,228.0,0.902745,3.5114389999999998,50.0,47.0,1676.0,163.0,55:42,88.1578947368421,93.33333333333331,90.52031361368496
6,8470645,20182019,G,Corey Crawford,2212:51,5.0,2.0,0.0,14.0,18.0,1068.0,154.0,23.0,891.0,25.0,976.0,175.0,0.9081629999999999,2.92835,39.0,39.0,1176.0,108.0,56:44,88.0,92.0,91.29098360655738
7,8470657,20182019,G,Jimmy Howard,3052:33,5.0,0.0,0.0,23.0,22.0,1553.0,196.0,40.0,1317.0,45.0,1427.0,237.0,0.908719,3.066289,55.0,52.0,1709.0,156.0,55:30,82.70042194092827,88.8888888888889,92.29152067274
8,8471469,20182019,G,Pekka Rinne,3219:44,4.0,4.0,0.0,30.0,19.0,1451.0,180.0,50.0,1221.0,56.0,1316.0,209.0,0.917774,2.422561,56.0,55.0,1581.0,130.0,57:29,86.1244019138756,89.2857142857143,92.78115501519757
9,8469514,20182019,G,Peter Budaj,71:45,0.0,0.0,0.0,0.0,1.0,27.0,7.0,1.0,19.0,1.0,23.0,9.0,0.818182,5.017422,3.0,1.0,33.0,6.0,23:55,77.7777777777778,100.0,82.6086956521739
10,8470860,20182019,G,Jaroslav Halak,2308:07,4.0,5.0,0.0,22.0,11.0,1068.0,151.0,45.0,872.0,48.0,932.0,178.0,0.9222799999999999,2.33957,40.0,37.0,1158.0,90.0,57:42,84.8314606741573,93.75,93.56223175965664
11,8469608,20182019,G,Mike Smith,2400:19,2.0,2.0,0.0,23.0,16.0,960.0,117.0,41.0,802.0,43.0,884.0,142.0,0.8980360000000001,2.72464,42.0,40.0,1069.0,109.0,57:09,82.39436619718309,95.34883720930232,90.72398190045249
12,8471695,20182019,G,Tuukka Rask,2635:09,5.0,4.0,0.0,27.0,13.0,1136.0,151.0,52.0,933.0,64.0,1009.0,172.0,0.91245,2.481832,46.0,45.0,1245.0,109.0,57:17,87.7906976744186,81.25,92.46778989098117
13,8471679,20182019,G,Carey Price,3880:15,6.0,4.0,0.0,35.0,24.0,1791.0,243.0,55.0,1493.0,58.0,1622.0,272.0,0.9175200000000001,2.48953,66.0,64.0,1952.0,161.0,58:47,89.33823529411767,94.82758620689656,92.04685573366214
14,8470880,20182019,G,Brian Elliott,1396:43,1.0,1.0,0.0,11.0,11.0,672.0,87.0,23.0,562.0,26.0,612.0,103.0,0.906883,2.964094,26.0,23.0,741.0,69.0,53:43,84.46601941747572,88.46153846153845,91.83006535947712
15,8470147,20182019,G,Curtis McElhinney,1977:31,2.0,2.0,0.0,20.0,11.0,883.0,99.0,32.0,752.0,34.0,820.0,114.0,0.91219,2.578992,33.0,33.0,968.0,85.0,59:55,86.8421052631579,94.11764705882351,91.70731707317074
16,8471734,20182019,G,Jonathan Quick,2647:34,7.0,2.0,0.0,16.0,23.0,1180.0,132.0,37.0,1011.0,44.0,1125.0,160.0,0.8878860000000001,3.376686,46.0,46.0,1329.0,149.0,57:33,82.5,84.0909090909091,89.86666666666666
17,8473541,20182019,G,Jonathan Bernier,1859:54,5.0,1.0,0.0,9.0,18.0,927.0,116.0,21.0,790.0,22.0,874.0,129.0,0.9043899999999999,3.16146,35.0,30.0,1025.0,98.0,53:08,89.92248062015504,95.45454545454544,90.38901601830663
18,8471306,20182019,G,Thomas Greiss,2293:42,2.0,5.0,0.0,23.0,14.0,1098.0,145.0,31.0,922.0,32.0,984.0,169.0,0.926582,2.275799,43.0,39.0,1185.0,87.0,53:20,85.79881656804734,96.875,93.69918699186992
19,8470093,20182019,G,Mike McKenna,511:15,1.0,0.0,0.0,1.0,5.0,282.0,43.0,15.0,224.0,15.0,254.0,47.0,0.8924049999999999,3.99022,11.0,7.0,316.0,34.0,46:28,91.48936170212765,100.0,88.18897637795277
20,8473575,20182019,G,Semyon Varlamov,2839:12,9.0,2.0,0.0,20.0,19.0,1360.0,234.0,31.0,1095.0,33.0,1195.0,268.0,0.909091,2.8740490000000003,49.0,49.0,1496.0,136.0,57:56,87.31343283582089,93.93939393939394,91.6317991631799
21,8473607,20182019,G,Michal Neuvirth,365:38,1.0,0.0,0.0,1.0,4.0,158.0,24.0,6.0,128.0,6.0,148.0,30.0,0.8586959999999999,4.2665690000000005,7.0,6.0,184.0,26.0,52:14,80.0,100.0,86.4864864864865
22,8474550,20182019,G,Antti Niemi,968:48,2.0,0.0,0.0,8.0,6.0,478.0,67.0,11.0,400.0,12.0,443.0,84.0,0.886827,3.7778699999999996,17.0,17.0,539.0,61.0,56:59,79.76190476190476,91.66666666666666,90.29345372460494
23,8471750,20182019,G,Ben Bishop,2637:18,2.0,7.0,0.0,27.0,15.0,1236.0,148.0,33.0,1055.0,33.0,1125.0,165.0,0.93424,1.979297,46.0,45.0,1323.0,87.0,57:19,89.6969696969697,100.0,93.7777777777778
24,8471239,20182019,G,Cory Schneider,1371:47,4.0,1.0,0.0,6.0,13.0,648.0,74.0,22.0,552.0,25.0,610.0,83.0,0.902507,3.0617080000000003,26.0,23.0,718.0,70.0,52:45,89.1566265060241,88.0,90.49180327868851
25,8473434,20182019,G,Chad Johnson,810:29,0.0,1.0,0.0,2.0,11.0,357.0,58.0,14.0,285.0,16.0,324.0,66.0,0.87931,3.627465,19.0,11.0,406.0,49.0,42:39,87.87878787878788,87.5,87.96296296296295
26,8471227,20182019,G,Devan Dubnyk,3855:16,6.0,2.0,0.0,31.0,28.0,1714.0,256.0,56.0,1402.0,60.0,1533.0,284.0,0.913159,2.5367900000000003,67.0,66.0,1877.0,163.0,57:32,90.14084507042256,93.33333333333331,91.45466405740378
27,8471418,20182019,G,Anton Khudobin,2219:30,5.0,2.0,0.0,16.0,17.0,1137.0,163.0,31.0,943.0,32.0,1014.0,186.0,0.92289,2.568146,41.0,37.0,1232.0,95.0,54:08,87.63440860215056,96.875,92.99802761341223
28,8475156,20182019,G,Mikko Koskinen,2991:51,6.0,4.0,0.0,25.0,21.0,1405.0,187.0,31.0,1187.0,32.0,1300.0,219.0,0.905867,2.927954,55.0,51.0,1551.0,146.0,54:23,85.38812785388129,96.875,91.30769230769229
29,8475683,20182019,G,Sergei Bobrovsky,3556:40,1.0,9.0,0.0,37.0,24.0,1603.0,145.0,50.0,1408.0,55.0,1538.0,163.0,0.9128700000000001,2.581068,62.0,61.0,1756.0,153.0,57:21,88.95705521472394,90.9090909090909,91.54746423927178
30,8475215,20182019,G,Robin Lehner,2615:49,5.0,6.0,0.0,25.0,13.0,1230.0,159.0,37.0,1034.0,37.0,1107.0,179.0,0.9297049999999999,2.133177,46.0,43.0,1323.0,93.0,56:51,88.8268156424581,100.0,93.40560072267391
31,8473503,20182019,G,James Reimer,1805:11,5.0,0.0,0.0,13.0,12.0,836.0,93.0,30.0,713.0,33.0,785.0,111.0,0.899892,3.0910990000000003,36.0,29.0,929.0,93.0,50:08,83.7837837837838,90.9090909090909,90.828025477707
32,8474593,20182019,G,Jacob Markstrom,3599:01,9.0,1.0,0.0,28.0,23.0,1730.0,213.0,49.0,1468.0,54.0,1599.0,243.0,0.9124469999999999,2.767423,60.0,60.0,1896.0,166.0,59:59,87.6543209876543,90.74074074074076,91.80737961225765
33,8474651,20182019,G,Braden Holtby,3406:34,5.0,3.0,0.0,32.0,19.0,1635.0,191.0,57.0,1387.0,60.0,1504.0,231.0,0.9108639999999999,2.818087,59.0,58.0,1795.0,160.0,57:44,82.68398268398269,95.0,92.22074468085108
34,8473614,20182019,G,Richard Bachman,60:00,0.0,0.0,0.0,0.0,1.0,23.0,1.0,1.0,21.0,1.0,25.0,3.0,0.793103,6.0,1.0,1.0,29.0,6.0,60:00,33.33333333333333,100.0,84.0
35,8471774,20182019,G,Alex Stalock,1065:06,3.0,0.0,0.0,6.0,8.0,472.0,72.0,16.0,384.0,16.0,422.0,87.0,0.899048,2.985635,21.0,16.0,525.0,53.0,50:43,82.75862068965517,100.0,90.99526066350712
36,8475195,20182019,G,Anders Nilsson,2039:48,1.0,2.0,0.0,14.0,19.0,997.0,112.0,32.0,853.0,36.0,929.0,133.0,0.908015,2.970879,36.0,34.0,1098.0,101.0,56:39,84.21052631578947,88.8888888888889,91.81916038751345
37,8474596,20182019,G,Jake Allen,2567:57,8.0,3.0,0.0,19.0,17.0,1156.0,161.0,28.0,967.0,32.0,1060.0,185.0,0.9052469999999999,2.8271580000000003,46.0,45.0,1277.0,121.0,55:49,87.02702702702703,87.5,91.2264150943396
38,8476234,20182019,G,Keith Kinkaid,2301:58,6.0,3.0,0.0,15.0,18.0,1059.0,120.0,44.0,895.0,48.0,998.0,142.0,0.8914139999999999,3.362342,41.0,38.0,1188.0,129.0,56:08,84.50704225352112,91.66666666666666,89.67935871743488
39,8475831,20182019,G,Philipp Grubauer,2020:44,5.0,3.0,0.0,18.0,9.0,982.0,149.0,31.0,802.0,33.0,866.0,172.0,0.9169,2.642605,37.0,33.0,1071.0,89.0,54:36,86.6279069767442,93.93939393939394,92.60969976905312
40,8475622,20182019,G,Carter Hutton,2839:37,5.0,0.0,0.0,18.0,25.0,1399.0,173.0,36.0,1190.0,39.0,1306.0,196.0,0.907852,3.0004049999999998,50.0,48.0,1541.0,142.0,56:47,88.26530612244898,92.30769230769229,91.11791730474731
41,8475852,20182019,G,Petr Mrazek,2386:51,3.0,4.0,0.0,23.0,14.0,1009.0,123.0,31.0,855.0,36.0,920.0,148.0,0.913949,2.388085,40.0,40.0,1104.0,95.0,59:40,83.1081081081081,86.1111111111111,92.93478260869566
42,8475311,20182019,G,Darcy Kuemper,3251:15,8.0,5.0,0.0,27.0,20.0,1551.0,175.0,60.0,1316.0,62.0,1420.0,195.0,0.924866,2.3252599999999997,55.0,55.0,1677.0,126.0,59:06,89.74358974358975,96.77419354838709,92.67605633802816
43,8475660,20182019,G,Cam Talbot,1905:16,3.0,1.0,0.0,11.0,17.0,889.0,105.0,21.0,763.0,24.0,840.0,133.0,0.891675,3.401099,35.0,32.0,997.0,108.0,54:26,78.94736842105263,87.5,90.83333333333331
44,8477293,20182019,G,Antti Raanta,687:06,0.0,0.0,0.0,5.0,6.0,318.0,48.0,6.0,264.0,11.0,286.0,54.0,0.905983,2.881677,12.0,12.0,351.0,33.0,57:15,88.8888888888889,54.54545454545454,92.30769230769229
45,8475883,20182019,G,Frederik Andersen,3510:15,7.0,1.0,0.0,36.0,16.0,1796.0,185.0,47.0,1564.0,53.0,1687.0,218.0,0.9172629999999999,2.769034,60.0,60.0,1958.0,162.0,58:30,84.86238532110092,88.67924528301887,92.7089508002371
46,8476434,20182019,G,John Gibson,3233:02,8.0,2.0,0.0,26.0,22.0,1685.0,285.0,43.0,1357.0,46.0,1470.0,322.0,0.9167569999999999,2.839439,58.0,57.0,1838.0,153.0,55:44,88.50931677018633,93.47826086956522,92.31292517006806
47,8475789,20182019,G,Jack Campbell,1592:46,1.0,2.0,0.0,10.0,14.0,784.0,102.0,16.0,666.0,18.0,714.0,113.0,0.927811,2.297888,31.0,25.0,845.0,61.0,51:22,90.2654867256637,88.8888888888889,93.27731092436973
48,8474889,20182019,G,Martin Jones,3597:13,5.0,3.0,0.0,36.0,19.0,1523.0,210.0,61.0,1252.0,64.0,1398.0,237.0,0.89641,2.935603,62.0,62.0,1699.0,176.0,58:01,88.60759493670885,95.3125,89.55650929899856
49,8474636,20182019,G,Michael Hutchinson,496:10,2.0,1.0,0.0,3.0,4.0,212.0,26.0,5.0,181.0,6.0,201.0,32.0,0.8870290000000001,3.265032,9.0,8.0,239.0,27.0,55:07,81.25,83.33333333333334,90.04975124378109
50,8476876,20182019,G,Malcolm Subban,1226:47,2.0,1.0,0.0,8.0,10.0,552.0,60.0,14.0,478.0,14.0,524.0,74.0,0.901961,2.934504,21.0,20.0,612.0,60.0,58:25,81.08108108108108,100.0,91.22137404580153
51,8476883,20182019,G,Andrei Vasilevskiy,3203:45,4.0,6.0,0.0,39.0,10.0,1585.0,242.0,51.0,1292.0,52.0,1395.0,266.0,0.925277,2.397191,53.0,53.0,1713.0,128.0,60:26,90.97744360902256,98.07692307692308,92.61648745519713
52,8474152,20182019,G,Scott Darling,485:34,2.0,0.0,0.0,2.0,4.0,206.0,18.0,8.0,180.0,8.0,203.0,22.0,0.8841200000000001,3.3363080000000003,8.0,8.0,233.0,27.0,60:41,81.81818181818183,100.0,88.66995073891627
53,8475717,20182019,G,Calvin Pickard,746:48,2.0,1.0,0.0,4.0,6.0,336.0,49.0,10.0,277.0,12.0,311.0,61.0,0.875,3.8564540000000003,17.0,12.0,384.0,48.0,43:55,80.327868852459,83.33333333333334,89.06752411575563
54,8476316,20182019,G,Laurent Brossoit,1165:17,2.0,1.0,0.0,13.0,6.0,603.0,89.0,16.0,498.0,18.0,533.0,101.0,0.924847,2.522992,21.0,19.0,652.0,49.0,55:29,88.11881188118812,88.8888888888889,93.43339587242028
55,8475839,20182019,G,Louis Domingue,1560:37,0.0,0.0,0.0,21.0,5.0,737.0,110.0,29.0,598.0,31.0,655.0,126.0,0.9076350000000001,2.883476,26.0,26.0,812.0,75.0,60:01,87.30158730158729,93.54838709677419,91.29770992366413
56,8476899,20182019,G,Matt Murray,2880:14,6.0,4.0,0.0,29.0,14.0,1465.0,166.0,41.0,1258.0,48.0,1352.0,194.0,0.9190719999999999,2.687282,50.0,50.0,1594.0,129.0,57:36,85.56701030927834,85.41666666666666,93.04733727810651
57,8476999,20182019,G,Linus Ullmark,2102:06,5.0,2.0,0.0,15.0,14.0,1037.0,107.0,25.0,905.0,29.0,992.0,125.0,0.9048870000000001,3.111175,37.0,34.0,1146.0,109.0,56:48,85.6,86.20689655172413,91.22983870967742
58,8477237,20182019,G,Mike Condon,75:15,0.0,0.0,0.0,0.0,2.0,32.0,2.0,2.0,28.0,3.0,34.0,3.0,0.8,6.378737999999999,2.0,2.0,40.0,8.0,37:37,66.66666666666666,66.66666666666666,82.35294117647058
59,8476343,20182019,G,Garret Sparks,1104:42,1.0,1.0,0.0,8.0,9.0,534.0,40.0,13.0,481.0,15.0,531.0,46.0,0.902027,3.1501770000000002,20.0,17.0,592.0,58.0,55:14,86.95652173913044,86.66666666666669,90.58380414312616
60,8477424,20182019,G,Juuse Saros,1696:13,2.0,3.0,0.0,17.0,10.0,796.0,111.0,18.0,667.0,19.0,725.0,126.0,0.9149430000000001,2.6175900000000003,31.0,27.0,870.0,74.0,54:43,88.09523809523809,94.73684210526315,92.0
61,8476412,20182019,G,Jordan Binnington,1876:25,1.0,5.0,0.0,24.0,5.0,748.0,87.0,17.0,644.0,19.0,688.0,100.0,0.92689,1.886575,32.0,30.0,807.0,59.0,58:38,87.0,89.47368421052632,93.6046511627907
62,8477831,20182019,G,Pheonix Copley,1528:56,3.0,1.0,0.0,16.0,7.0,702.0,90.0,21.0,591.0,23.0,648.0,105.0,0.904639,2.903985,27.0,24.0,776.0,74.0,56:37,85.71428571428571,91.30434782608695,91.20370370370372
63,8476914,20182019,G,Joonas Korpisalo,1360:34,3.0,0.0,0.0,10.0,7.0,584.0,54.0,9.0,521.0,10.0,575.0,66.0,0.8970809999999999,2.9546509999999997,27.0,21.0,651.0,67.0,50:23,81.81818181818183,90.0,90.6086956521739
64,8476945,20182019,G,Connor Hellebuyck,3704:06,3.0,2.0,0.0,34.0,23.0,1872.0,274.0,57.0,1541.0,62.0,1675.0,314.0,0.912725,2.89949,63.0,62.0,2051.0,179.0,58:47,87.2611464968153,91.93548387096773,92.0
65,8476932,20182019,G,Anthony Stolarz,868:25,3.0,1.0,0.0,4.0,5.0,453.0,51.0,13.0,389.0,16.0,427.0,60.0,0.900596,3.454563,18.0,12.0,503.0,50.0,48:14,85.0,81.25,91.1007025761124
66,8479496,20182019,G,David Rittich,2503:20,5.0,1.0,0.0,27.0,9.0,1119.0,137.0,41.0,941.0,46.0,1020.0,162.0,0.9112379999999999,2.612517,45.0,42.0,1228.0,109.0,55:37,84.56790123456791,89.13043478260867,92.25490196078432
67,8477180,20182019,G,Aaron Dell,1323:17,4.0,2.0,0.0,10.0,8.0,543.0,67.0,24.0,452.0,26.0,503.0,84.0,0.885808,3.173923,25.0,20.0,613.0,70.0,52:55,79.76190476190476,92.30769230769229,89.86083499005964
68,8480382,20182019,G,Alexandar Georgiev,1874:10,4.0,2.0,0.0,14.0,13.0,966.0,146.0,23.0,797.0,25.0,872.0,160.0,0.913907,2.913295,33.0,30.0,1057.0,91.0,56:47,91.25,92.0,91.39908256880733
69,8479312,20182019,G,Alex Lyon,70:49,0.0,0.0,0.0,0.0,1.0,25.0,4.0,3.0,18.0,3.0,23.0,5.0,0.8064520000000001,5.083549,2.0,1.0,31.0,6.0,35:24,80.0,100.0,78.26086956521739
70,8479193,20182019,G,Casey DeSmith,1943:33,5.0,3.0,0.0,15.0,11.0,971.0,116.0,26.0,829.0,34.0,893.0,133.0,0.9160379999999999,2.74755,36.0,30.0,1060.0,89.0,53:59,87.21804511278195,76.47058823529412,92.83314669652857
71,8480420,20182019,G,Collin Delia,831:03,3.0,0.0,0.0,6.0,4.0,495.0,64.0,7.0,424.0,7.0,463.0,75.0,0.908257,3.609891,16.0,14.0,545.0,50.0,51:56,85.33333333333334,100.0,91.5766738660907
72,8477967,20182019,G,Thatcher Demko,534:09,1.0,0.0,0.0,4.0,3.0,263.0,33.0,3.0,227.0,3.0,248.0,37.0,0.9131940000000001,2.8082,9.0,8.0,288.0,25.0,59:21,89.18918918918921,100.0,91.53225806451613
73,8478499,20182019,G,Adin Hill,696:21,0.0,1.0,0.0,7.0,5.0,290.0,36.0,10.0,244.0,10.0,271.0,41.0,0.9006209999999999,2.757234,13.0,11.0,322.0,32.0,53:33,87.8048780487805,100.0,90.0369003690037
74,8478406,20182019,G,Mackenzie Blackwood,1263:52,0.0,2.0,0.0,10.0,10.0,614.0,75.0,23.0,516.0,23.0,562.0,84.0,0.9177879999999999,2.6110349999999998,23.0,21.0,669.0,55.0,54:57,89.2857142857143,100.0,91.81494661921707
75,8479394,20182019,G,Carter Hart,1716:55,1.0,0.0,0.0,16.0,13.0,895.0,87.0,31.0,777.0,32.0,848.0,96.0,0.917008,2.8306560000000003,31.0,30.0,976.0,81.0,55:23,90.625,96.875,91.62735849056604
76,8477405,20182019,G,Marcus Hogberg,205:30,1.0,0.0,0.0,0.0,2.0,107.0,9.0,3.0,95.0,4.0,105.0,12.0,0.8842979999999999,4.087591000000001,4.0,4.0,121.0,14.0,51:22,75.0,75.0,90.4761904761905
77,8478916,20182019,G,Joey Daccord,60:00,0.0,0.0,0.0,0.0,1.0,35.0,1.0,2.0,32.0,2.0,35.0,3.0,0.875,5.0,1.0,1.0,40.0,5.0,60:00,33.33333333333333,100.0,91.42857142857143
78,8478470,20182019,G,Sam Montembeault,591:24,2.0,0.0,0.0,4.0,3.0,252.0,22.0,11.0,219.0,11.0,244.0,27.0,0.893617,3.043625,11.0,10.0,282.0,30.0,53:45,81.48148148148148,100.0,89.75409836065575
79,8475277,20182019,G,Edward Pasquale,181:58,0.0,0.0,0.0,2.0,1.0,90.0,9.0,1.0,80.0,1.0,92.0,9.0,0.882353,3.9567690000000004,3.0,3.0,102.0,12.0,60:39,100.0,100.0,86.95652173913044
80,8480925,20182019,G,Pavel Francouz,61:11,0.0,0.0,0.0,0.0,2.0,33.0,4.0,2.0,27.0,2.0,29.0,4.0,0.942857,1.9613180000000001,2.0,0.0,35.0,2.0,30:35,100.0,100.0,93.10344827586206
81,8480022,20182019,G,Michael Dipietro,60:00,0.0,0.0,0.0,0.0,1.0,17.0,3.0,1.0,13.0,1.0,20.0,3.0,0.708333,7.0,1.0,1.0,24.0,7.0,60:00,100.0,100.0,65.0
82,8479294,20182019,G,Kevin Boyle,276:51,0.0,1.0,0.0,1.0,3.0,129.0,18.0,2.0,109.0,2.0,116.0,21.0,0.9280579999999999,2.167239,5.0,4.0,139.0,10.0,55:22,85.71428571428571,100.0,93.96551724137932
83,8477361,20182019,G,Calvin Petersen,621:42,1.0,1.0,0.0,5.0,4.0,328.0,46.0,13.0,269.0,14.0,283.0,58.0,0.9239440000000001,2.6057580000000002,11.0,10.0,355.0,27.0,56:31,79.3103448275862,92.85714285714286,95.0530035335689
0,8468685,20192020,G,Henrik Lundqvist,1596:44,3.0,1.0,0.0,10.0,12.0,799.0,131.0,34.0,634.0,37.0,690.0,156.0,0.905,3.1564,30.0,26.0,883.0,84.0,53:13,83.97435897435899,91.8918918918919,91.88405797101449
1,8470594,20192020,G,Marc-Andre Fleury,2880:06,5.0,5.0,0.0,27.0,16.0,1266.0,186.0,23.0,1057.0,24.0,1155.0,220.0,0.905,2.7707,49.0,48.0,1399.0,133.0,58:46,84.54545454545455,95.83333333333334,91.51515151515152
2,8468011,20192020,G,Ryan Miller,1238:14,4.0,0.0,0.0,9.0,6.0,621.0,99.0,13.0,509.0,15.0,552.0,118.0,0.907,3.1012,23.0,19.0,685.0,64.0,53:50,83.89830508474577,86.66666666666669,92.21014492753623
3,8467950,20192020,G,Craig Anderson,1845:11,2.0,0.0,0.0,11.0,17.0,918.0,134.0,26.0,758.0,29.0,830.0,159.0,0.902,3.2517,34.0,31.0,1018.0,100.0,54:16,84.27672955974845,89.65517241379311,91.32530120481928
4,8470645,20192020,G,Corey Crawford,2340:03,3.0,1.0,0.0,16.0,20.0,1186.0,132.0,26.0,1028.0,29.0,1110.0,155.0,0.917,2.7692,40.0,39.0,1294.0,108.0,58:30,85.16129032258064,89.65517241379311,92.6126126126126
5,8470657,20192020,G,Jimmy Howard,1371:34,2.0,0.0,0.0,2.0,23.0,721.0,103.0,18.0,600.0,20.0,671.0,126.0,0.882,4.1996,27.0,27.0,817.0,96.0,50:47,81.74603174603175,90.0,89.41877794336811
6,8471469,20192020,G,Pekka Rinne,1987:46,4.0,3.0,0.0,18.0,14.0,899.0,110.0,19.0,770.0,23.0,840.0,141.0,0.895,3.1694,36.0,35.0,1004.0,105.0,55:12,78.01418439716312,82.6086956521739,91.66666666666666
7,8470860,20192020,G,Jaroslav Halak,1833:22,6.0,3.0,0.0,18.0,6.0,832.0,87.0,31.0,714.0,32.0,775.0,98.0,0.919,2.3890000000000002,31.0,29.0,905.0,73.0,59:08,88.77551020408163,96.875,92.12903225806451
8,8469608,20192020,G,Mike Smith,2156:51,6.0,1.0,0.0,19.0,12.0,981.0,140.0,26.0,815.0,31.0,903.0,153.0,0.902,2.9487,39.0,37.0,1087.0,106.0,55:18,91.5032679738562,83.87096774193549,90.2547065337763
9,8471695,20192020,G,Tuukka Rask,2401:47,6.0,5.0,0.0,26.0,8.0,1104.0,179.0,51.0,874.0,56.0,931.0,202.0,0.929,2.1234,41.0,41.0,1189.0,85.0,58:34,88.61386138613861,91.07142857142857,93.87755102040815
10,8471679,20192020,G,Carey Price,3439:49,6.0,4.0,0.0,27.0,25.0,1595.0,242.0,43.0,1310.0,45.0,1434.0,276.0,0.909,2.7908,58.0,58.0,1755.0,160.0,59:18,87.68115942028986,95.55555555555556,91.35285913528593
11,8470880,20192020,G,Brian Elliott,1673:54,4.0,2.0,0.0,16.0,7.0,716.0,84.0,26.0,606.0,28.0,668.0,100.0,0.899,2.8676,31.0,27.0,796.0,80.0,53:59,84.0,92.85714285714286,90.71856287425148
12,8470147,20192020,G,Curtis McElhinney,1080:56,3.0,1.0,0.0,8.0,7.0,499.0,80.0,16.0,403.0,18.0,441.0,92.0,0.9059999999999999,2.8864,18.0,18.0,551.0,52.0,60:03,86.95652173913044,88.8888888888889,91.38321995464851
13,8471734,20192020,G,Jonathan Quick,2516:14,4.0,1.0,0.0,16.0,22.0,1107.0,139.0,41.0,927.0,41.0,1016.0,167.0,0.904,2.7899,42.0,42.0,1224.0,117.0,59:54,83.23353293413173,100.0,91.24015748031496
14,8473541,20192020,G,Jonathan Bernier,2565:56,3.0,1.0,0.0,15.0,22.0,1227.0,194.0,42.0,991.0,49.0,1079.0,225.0,0.907,2.9463,46.0,41.0,1353.0,126.0,55:46,86.22222222222223,85.71428571428571,91.84430027803522
15,8471306,20192020,G,Thomas Greiss,1595:56,4.0,0.0,0.0,16.0,9.0,765.0,74.0,13.0,678.0,14.0,737.0,87.0,0.9129999999999999,2.7445,31.0,29.0,838.0,73.0,51:28,85.0574712643678,92.85714285714286,91.99457259158753
16,8473575,20192020,G,Semyon Varlamov,2517:19,6.0,2.0,0.0,19.0,14.0,1168.0,147.0,23.0,998.0,26.0,1084.0,168.0,0.914,2.6218,45.0,39.0,1278.0,110.0,55:56,87.5,88.46153846153845,92.06642066420663
17,8471750,20192020,G,Ben Bishop,2473:49,4.0,2.0,0.0,21.0,16.0,1183.0,171.0,37.0,975.0,38.0,1055.0,193.0,0.92,2.4982,44.0,43.0,1286.0,103.0,56:13,88.60103626943004,97.36842105263158,92.4170616113744
18,8471239,20192020,G,Cory Schneider,679:16,2.0,1.0,0.0,3.0,6.0,315.0,42.0,11.0,262.0,12.0,293.0,50.0,0.887,3.5332,13.0,11.0,355.0,40.0,52:15,84.0,91.66666666666666,89.41979522184299
19,8471227,20192020,G,Devan Dubnyk,1664:39,2.0,1.0,0.0,12.0,15.0,756.0,114.0,19.0,623.0,21.0,693.0,135.0,0.89,3.3521,30.0,28.0,849.0,93.0,55:29,84.44444444444444,90.4761904761905,89.89898989898991
20,8471418,20192020,G,Anton Khudobin,1677:29,4.0,0.0,0.0,16.0,8.0,820.0,125.0,20.0,675.0,21.0,714.0,147.0,0.93,2.2176,30.0,26.0,882.0,62.0,55:54,85.03401360544217,95.23809523809523,94.53781512605042
21,8475156,20192020,G,Mikko Koskinen,2116:31,3.0,1.0,0.0,18.0,13.0,1078.0,156.0,21.0,901.0,24.0,978.0,173.0,0.917,2.7498,38.0,34.0,1175.0,97.0,55:41,90.17341040462429,87.5,92.12678936605316
22,8475683,20192020,G,Sergei Bobrovsky,2805:59,6.0,1.0,0.0,23.0,19.0,1354.0,190.0,48.0,1116.0,51.0,1236.0,218.0,0.9,3.2288,50.0,49.0,1505.0,151.0,56:07,87.1559633027523,94.11764705882351,90.29126213592234
23,8475215,20192020,G,Robin Lehner,2055:28,5.0,1.0,0.0,19.0,10.0,1136.0,167.0,35.0,934.0,40.0,1013.0,182.0,0.92,2.8899,36.0,34.0,1235.0,99.0,57:05,91.75824175824177,87.5,92.20138203356369
24,8473503,20192020,G,James Reimer,1378:01,2.0,3.0,0.0,14.0,6.0,651.0,109.0,13.0,529.0,15.0,574.0,123.0,0.914,2.656,25.0,24.0,712.0,61.0,55:07,88.6178861788618,86.66666666666669,92.16027874564459
25,8474593,20192020,G,Jacob Markstrom,2551:53,4.0,2.0,0.0,23.0,16.0,1303.0,183.0,30.0,1090.0,32.0,1179.0,209.0,0.9179999999999999,2.7509,43.0,43.0,1420.0,117.0,59:20,87.55980861244021,93.75,92.45122985581
26,8474651,20192020,G,Braden Holtby,2743:10,6.0,0.0,0.0,25.0,14.0,1243.0,171.0,36.0,1036.0,40.0,1144.0,201.0,0.897,3.1059,48.0,47.0,1385.0,142.0,57:08,85.07462686567165,90.0,90.55944055944056
27,8471774,20192020,G,Alex Stalock,2177:21,4.0,4.0,0.0,20.0,11.0,985.0,134.0,31.0,820.0,34.0,893.0,155.0,0.91,2.673,38.0,36.0,1082.0,97.0,57:17,86.45161290322581,91.17647058823529,91.82530795072788
28,8475195,20192020,G,Anders Nilsson,1093:16,2.0,0.0,0.0,9.0,9.0,570.0,88.0,27.0,455.0,29.0,499.0,100.0,0.9079999999999999,3.1831,20.0,19.0,628.0,58.0,54:39,88.0,93.10344827586206,91.18236472945893
29,8474596,20192020,G,Jake Allen,1339:04,3.0,2.0,0.0,12.0,6.0,607.0,70.0,14.0,523.0,15.0,561.0,79.0,0.927,2.1508,24.0,21.0,655.0,48.0,55:47,88.60759493670885,93.33333333333331,93.22638146167557
30,8476234,20192020,G,Keith Kinkaid,339:59,3.0,0.0,0.0,1.0,1.0,168.0,23.0,5.0,140.0,6.0,157.0,29.0,0.875,4.2355,6.0,5.0,192.0,24.0,56:39,79.3103448275862,83.33333333333334,89.171974522293
31,8475831,20192020,G,Philipp Grubauer,2057:06,4.0,2.0,0.0,18.0,12.0,977.0,143.0,27.0,807.0,33.0,869.0,165.0,0.9159999999999999,2.6251,36.0,36.0,1067.0,90.0,57:08,86.66666666666669,81.81818181818183,92.86536248561563
32,8475622,20192020,G,Carter Hutton,1775:26,4.0,2.0,0.0,12.0,14.0,824.0,102.0,18.0,704.0,24.0,772.0,122.0,0.898,3.1767,31.0,30.0,918.0,94.0,57:16,83.60655737704919,75.0,91.19170984455957
33,8475852,20192020,G,Petr Mrazek,2320:59,2.0,3.0,0.0,21.0,16.0,987.0,150.0,23.0,814.0,25.0,893.0,173.0,0.905,2.6885,40.0,38.0,1091.0,104.0,58:01,86.70520231213871,92.0,91.15341545352743
34,8475311,20192020,G,Darcy Kuemper,1753:24,2.0,2.0,0.0,16.0,11.0,838.0,111.0,17.0,710.0,18.0,760.0,125.0,0.9279999999999999,2.2243,29.0,29.0,903.0,65.0,60:27,88.8,94.44444444444444,93.42105263157896
35,8475660,20192020,G,Cam Talbot,1434:39,1.0,2.0,0.0,12.0,10.0,717.0,79.0,7.0,631.0,8.0,683.0,89.0,0.919,2.6348,26.0,22.0,780.0,63.0,55:10,88.76404494382021,87.5,92.38653001464131
36,8477293,20192020,G,Antti Raanta,1822:54,3.0,2.0,0.0,15.0,14.0,934.0,121.0,39.0,774.0,42.0,840.0,132.0,0.9209999999999999,2.6332,33.0,32.0,1014.0,80.0,55:14,91.66666666666666,92.85714285714286,92.14285714285714
37,8475883,20192020,G,Frederik Andersen,3006:40,7.0,3.0,0.0,29.0,13.0,1434.0,181.0,41.0,1212.0,45.0,1321.0,211.0,0.909,2.8537,52.0,52.0,1577.0,143.0,57:49,85.78199052132702,91.11111111111113,91.74867524602574
38,8476434,20192020,G,John Gibson,2981:17,5.0,1.0,0.0,20.0,26.0,1403.0,144.0,37.0,1222.0,40.0,1339.0,173.0,0.904,2.9987,51.0,51.0,1552.0,149.0,58:27,83.23699421965318,92.5,91.26213592233009
39,8475789,20192020,G,Jack Campbell,1566:59,3.0,0.0,0.0,11.0,12.0,688.0,72.0,21.0,595.0,22.0,653.0,86.0,0.904,2.7952,26.0,26.0,761.0,73.0,60:16,83.72093023255816,95.45454545454544,91.11791730474731
40,8474889,20192020,G,Martin Jones,2359:50,2.0,2.0,0.0,17.0,21.0,1021.0,191.0,31.0,799.0,34.0,897.0,208.0,0.8959999999999999,3.0002,41.0,40.0,1139.0,118.0,57:33,91.82692307692308,91.17647058823529,89.07469342251952
41,8474636,20192020,G,Michael Hutchinson,847:01,1.0,1.0,0.0,5.0,9.0,390.0,49.0,9.0,332.0,10.0,370.0,59.0,0.888,3.471,16.0,12.0,439.0,49.0,52:56,83.0508474576271,90.0,89.72972972972973
42,8476876,20192020,G,Malcolm Subban,1134:15,3.0,0.0,0.0,9.0,7.0,486.0,71.0,14.0,401.0,15.0,447.0,84.0,0.89,3.1739,21.0,19.0,546.0,60.0,54:00,84.52380952380952,93.33333333333331,89.70917225950781
43,8476904,20192020,G,Chris Driedger,642:40,1.0,1.0,0.0,7.0,2.0,332.0,37.0,8.0,287.0,9.0,304.0,41.0,0.938,2.0539,12.0,11.0,354.0,22.0,53:33,90.24390243902441,88.8888888888889,94.4078947368421
44,8476883,20192020,G,Andrei Vasilevskiy,3121:54,3.0,3.0,0.0,35.0,14.0,1472.0,203.0,62.0,1207.0,66.0,1305.0,234.0,0.917,2.5561,52.0,52.0,1605.0,133.0,60:02,86.75213675213675,93.93939393939394,92.4904214559387
45,8476316,20192020,G,Laurent Brossoit,987:53,1.0,0.0,0.0,6.0,7.0,458.0,52.0,17.0,389.0,18.0,430.0,64.0,0.895,3.2797,19.0,15.0,512.0,54.0,51:59,81.25,94.44444444444444,90.46511627906979
46,8475839,20192020,G,Louis Domingue,802:19,2.0,0.0,0.0,3.0,9.0,382.0,42.0,12.0,328.0,13.0,370.0,50.0,0.882,3.8139999999999996,17.0,15.0,433.0,51.0,47:11,84.0,92.30769230769229,88.64864864864866
47,8476899,20192020,G,Matt Murray,2237:30,5.0,1.0,0.0,20.0,11.0,948.0,111.0,34.0,803.0,37.0,891.0,127.0,0.899,2.8693,38.0,38.0,1055.0,107.0,58:52,87.40157480314959,91.8918918918919,90.12345679012344
48,8476999,20192020,G,Linus Ullmark,2026:38,3.0,1.0,0.0,17.0,14.0,975.0,129.0,32.0,814.0,33.0,879.0,154.0,0.915,2.6941,34.0,34.0,1066.0,91.0,59:36,83.76623376623377,96.96969696969695,92.6052332195677
49,8479292,20192020,G,Charlie Lindgren,360:51,0.0,0.0,0.0,2.0,4.0,158.0,28.0,7.0,123.0,8.0,138.0,32.0,0.888,3.3255,6.0,6.0,178.0,20.0,60:08,87.5,87.5,89.13043478260867
50,8476343,20192020,G,Garret Sparks,27:24,0.0,0.0,0.0,0.0,0.0,12.0,3.0,0.0,9.0,1.0,10.0,3.0,0.857,4.3796,1.0,0.0,14.0,2.0,27:24,100.0,0.0,90.0
51,8477424,20192020,G,Juuse Saros,2176:50,4.0,4.0,0.0,17.0,12.0,1044.0,154.0,31.0,859.0,34.0,935.0,173.0,0.914,2.7012,40.0,34.0,1142.0,98.0,54:25,89.01734104046244,91.17647058823529,91.8716577540107
52,8476412,20192020,G,Jordan Binnington,2947:41,7.0,3.0,0.0,30.0,13.0,1304.0,194.0,49.0,1061.0,53.0,1151.0,226.0,0.912,2.5647,50.0,50.0,1430.0,126.0,58:57,85.84070796460179,92.45283018867924,92.18071242397914
53,8476914,20192020,G,Joonas Korpisalo,2125:54,5.0,2.0,0.0,19.0,12.0,938.0,122.0,27.0,789.0,32.0,858.0,140.0,0.9109999999999999,2.5965,37.0,35.0,1030.0,92.0,57:27,87.14285714285714,84.375,91.95804195804196
54,8476945,20192020,G,Connor Hellebuyck,3268:33,5.0,6.0,0.0,31.0,21.0,1656.0,189.0,49.0,1418.0,50.0,1530.0,216.0,0.922,2.5699,58.0,56.0,1796.0,140.0,56:21,87.5,98.0,92.6797385620915
55,8477465,20192020,G,Tristan Jarry,1926:29,1.0,3.0,0.0,20.0,12.0,907.0,114.0,24.0,769.0,25.0,828.0,132.0,0.9209999999999999,2.4293,33.0,31.0,985.0,78.0,58:22,86.36363636363636,96.0,92.8743961352657
56,8477312,20192020,G,Antoine Bibeau,91:45,0.0,0.0,0.0,1.0,0.0,37.0,5.0,2.0,30.0,2.0,32.0,8.0,0.8809999999999999,3.2698,2.0,1.0,42.0,5.0,45:52,62.5,100.0,93.75
57,8477968,20192020,G,Alex Nedeljkovic,216:19,1.0,0.0,0.0,1.0,2.0,86.0,17.0,1.0,68.0,1.0,77.0,19.0,0.887,3.0511,4.0,3.0,97.0,11.0,54:04,89.47368421052632,100.0,88.31168831168831
58,8479496,20192020,G,David Rittich,2791:58,6.0,2.0,0.0,24.0,17.0,1340.0,187.0,40.0,1113.0,47.0,1219.0,212.0,0.907,2.9657,48.0,48.0,1478.0,138.0,58:09,88.2075471698113,85.1063829787234,91.30434782608695
59,8477180,20192020,G,Aaron Dell,1834:14,3.0,0.0,0.0,12.0,15.0,894.0,118.0,24.0,752.0,26.0,827.0,133.0,0.907,3.0094,33.0,30.0,986.0,92.0,55:34,88.72180451127821,92.30769230769229,90.9310761789601
60,8477480,20192020,G,Eric Comrie,126:15,0.0,0.0,0.0,0.0,2.0,57.0,6.0,5.0,46.0,6.0,53.0,7.0,0.8640000000000001,4.2772,3.0,2.0,66.0,9.0,42:05,85.71428571428571,83.33333333333334,86.7924528301887
61,8480382,20192020,G,Alexandar Georgiev,1891:44,2.0,2.0,0.0,17.0,14.0,967.0,175.0,27.0,765.0,29.0,837.0,197.0,0.91,3.0448,34.0,32.0,1063.0,96.0,55:38,88.83248730964468,93.10344827586206,91.39784946236557
62,8479312,20192020,G,Alex Lyon,135:19,0.0,0.0,0.0,1.0,1.0,65.0,7.0,1.0,57.0,1.0,63.0,9.0,0.89,3.5472,3.0,2.0,73.0,8.0,45:06,77.7777777777778,100.0,90.4761904761905
63,8477967,20192020,G,Thatcher Demko,1529:03,2.0,0.0,0.0,13.0,10.0,744.0,111.0,24.0,609.0,25.0,673.0,124.0,0.905,3.0607,27.0,25.0,822.0,78.0,56:37,89.51612903225808,96.0,90.49034175334324
64,8478499,20192020,G,Adin Hill,640:46,3.0,0.0,0.0,2.0,4.0,315.0,36.0,14.0,265.0,14.0,284.0,45.0,0.9179999999999999,2.6219,13.0,9.0,343.0,28.0,49:17,80.0,100.0,93.30985915492955
65,8478406,20192020,G,Mackenzie Blackwood,2684:01,8.0,3.0,0.0,22.0,14.0,1328.0,160.0,36.0,1132.0,42.0,1225.0,185.0,0.915,2.772,47.0,43.0,1452.0,124.0,57:06,86.4864864864865,85.71428571428571,92.40816326530613
66,8479394,20192020,G,Carter Hart,2355:50,3.0,1.0,0.0,24.0,13.0,1005.0,107.0,43.0,855.0,45.0,929.0,126.0,0.914,2.4195,43.0,40.0,1100.0,95.0,54:47,84.92063492063492,95.55555555555556,92.03444564047363
67,8477405,20192020,G,Marcus Hogberg,1344:33,8.0,0.0,0.0,5.0,8.0,658.0,73.0,13.0,572.0,14.0,625.0,89.0,0.904,3.1237,24.0,21.0,728.0,70.0,56:01,82.02247191011236,92.85714285714286,91.52
68,8478470,20192020,G,Sam Montembeault,700:45,1.0,0.0,0.0,5.0,5.0,317.0,38.0,10.0,269.0,10.0,300.0,46.0,0.89,3.3393,14.0,9.0,356.0,39.0,50:03,82.6086956521739,100.0,89.66666666666666
69,8480925,20192020,G,Pavel Francouz,1914:26,4.0,1.0,0.0,21.0,7.0,919.0,114.0,34.0,771.0,34.0,837.0,125.0,0.9229999999999999,2.4132,34.0,31.0,996.0,77.0,56:18,91.2,100.0,92.11469534050181
70,8480022,20192020,G,Michael Dipietro,08:23,0.0,0.0,0.0,0.0,0.0,6.0,0.0,2.0,4.0,2.0,4.0,1.0,0.857,7.1571,1.0,0.0,7.0,1.0,08:23,0.0,100.0,100.0
71,8477361,20192020,G,Calvin Petersen,477:22,0.0,0.0,0.0,5.0,3.0,248.0,34.0,8.0,206.0,8.0,224.0,37.0,0.922,2.6395,8.0,8.0,269.0,21.0,59:40,91.8918918918919,100.0,91.96428571428572
72,8478048,20192020,G,Igor Shesterkin,691:35,0.0,0.0,0.0,10.0,2.0,395.0,54.0,11.0,330.0,12.0,353.0,59.0,0.932,2.516,12.0,12.0,424.0,29.0,57:37,91.52542372881358,91.66666666666666,93.48441926345608
73,8477992,20192020,G,Jonas Johansson,326:44,1.0,0.0,0.0,1.0,3.0,135.0,10.0,4.0,121.0,4.0,135.0,12.0,0.894,2.9382,6.0,5.0,151.0,16.0,54:27,83.33333333333334,100.0,89.62962962962963
74,8480051,20192020,G,Cayden Primeau,119:06,0.0,0.0,0.0,1.0,1.0,67.0,13.0,2.0,52.0,3.0,55.0,14.0,0.9309999999999999,2.5189,2.0,2.0,72.0,5.0,59:33,92.85714285714286,66.66666666666666,94.54545454545456
75,8479288,20192020,G,Kasimir Kaskisuo,60:00,0.0,0.0,0.0,0.0,1.0,32.0,6.0,0.0,26.0,1.0,30.0,7.0,0.8420000000000001,6.0,1.0,1.0,38.0,6.0,60:00,85.71428571428571,0.0,86.66666666666669
76,8478492,20192020,G,Ilya Samsonov,1411:02,2.0,1.0,0.0,16.0,6.0,629.0,83.0,29.0,517.0,34.0,560.0,95.0,0.9129999999999999,2.5513,26.0,22.0,689.0,60.0,54:16,87.36842105263159,85.29411764705883,92.32142857142858
77,8479530,20192020,G,Adam Werner,87:50,0.0,0.0,0.0,1.0,1.0,53.0,12.0,4.0,37.0,4.0,39.0,15.0,0.914,3.4156,2.0,1.0,58.0,5.0,43:55,80.0,100.0,94.87179487179485
78,8478007,20192020,G,Elvis Merzlikins,1815:08,8.0,5.0,0.0,13.0,9.0,848.0,75.0,14.0,759.0,14.0,820.0,85.0,0.9229999999999999,2.3469,33.0,31.0,919.0,71.0,55:00,88.23529411764706,100.0,92.56097560975608
79,8480162,20192020,G,Matiss Kivlenieks,284:50,2.0,0.0,0.0,1.0,1.0,123.0,6.0,2.0,115.0,2.0,126.0,9.0,0.898,2.9491,6.0,4.0,137.0,14.0,47:28,66.66666666666666,100.0,91.2698412698413
80,8478039,20192020,G,Kaapo Kahkonen,304:12,1.0,0.0,0.0,3.0,1.0,157.0,12.0,4.0,141.0,4.0,151.0,17.0,0.9129999999999999,2.9586,5.0,5.0,172.0,15.0,60:50,70.58823529411767,100.0,93.3774834437086
